T,P,L,S,M,T,P,L,S,M,T,P,L,S,M
132,52,23,67,158,103,53,14,71,130,83,57,25,67,112
199,51,22,69,225,174,66,13,71,207,150,44,24,63,172
268,52,21,60,294,245,48,12,51,269,213,55,23,83,241
328,36,20,53,346,296,26,11,51,309,296,79,22,70,336
381,39,19,51,401,347,50,10,57,372,366,30,21,52,381
432,30,18,61,447,404,34,9,58,421,418,41,20,61,439
493,61,17,75,524,462,54,8,60,489,479,51,19,61,505
568,57,16,59,597,569,28,6,560,583,540,36,18,52,558
627,27,15,43,641,569,28,6,560,583,592,36,17,53,610
670,26,14,45,683,569,28,6,560,583,645,35,16,49,663
715,32,13,47,731,569,28,6,560,583,694,27,15,45,708
762,33,12,45,779,569,28,6,560,583,739,26,14,46,752
807,25,11,43,820,569,28,6,560,583,785,27,13,43,799
850,27,10,44,864,569,28,6,560,583,828,24,12,42,840
894,27,9,44,908,569,28,6,560,583,870,26,11,42,883
938,27,8,42,952,569,28,6,560,583,912,27,10,46,926
980,25,7,42,993,569,28,6,560,583,958,28,9,48,972
1022,28,6,47,1036,569,28,6,560,583,1006,39,8,50,1026
1069,35,5,48,1087,569,28,6,560,583,1056,26,7,46,1069
1117,27,4,49,1131,569,28,6,560,583,1102,32,6,47,1118
1166,34,3,58,1183,1129,31,5,66,1145,1149,33,5,46,1166
1224,53,2,79,1251,1195,69,4,67,1230,1195,26,4,47,1208
1303,78,1,73,1342,1311,37,2,57,1330,1290,27,2,51,1304
1376,41,0,66,1397,1368,46,1,63,1391,1341,45,1,58,1364
2,61,25,62,1473,1431,50,0,58,1456,1399,44,0,61,1421
64,36,24,48,1522,49,36,25,52,1507,20,48,23,58,1484
112,32,23,52,1568,101,40,24,53,1561,78,38,22,49,1537
164,41,22,56,1625,154,39,23,48,1614,127,33,21,53,1584
220,40,21,49,1680,202,30,22,49,1657,180,44,20,56,1642
269,28,20,51,1723,251,39,21,54,1711,236,41,19,50,1697
320,44,19,56,1782,305,40,20,48,1765,286,32,18,63,1742
376,40,18,53,1836,353,26,19,44,1806,349,67,17,62,1823
429,37,17,60,1888,397,36,18,43,1855,411,28,16,47,1865
489,55,16,59,1957,440,27,17,59,1894,458,36,15,60,1916
548,31,15,58,2004,499,63,16,68,1971,518,53,14,66,1985
606,50,14,63,2071,567,41,15,58,2028,584,47,13,64,2048
669,44,13,60,2131,625,43,14,64,2087,648,48,12,63,2112
729,46,12,55,2192,689,53,13,71,2156,711,46,11,50,2174
784,30,11,57,2239,760,58,12,62,2229,761,23,10,59,2213
841,55,10,81,2309,822,32,11,51,2278,820,62,9,69,2291
922,70,9,72,2397,924,29,9,46,2379,889,46,8,61,2352
994,44,8,57,2456,970,30,8,55,2425,950,45,7,60,2413
1051,38,7,51,2510,1025,47,7,55,2489,1051,23,5,50,2503
1102,29,6,41,2557,1080,30,6,45,2535,1051,23,5,50,2503
1143,22,5,49,2594,1125,30,5,48,2580,1101,63,4,58,2573
1192,47,4,55,2656,1173,37,4,55,2632,1159,22,3,47,2610
1247,32,3,59,2703,1228,41,3,59,2689,1206,41,2,131,2667
1306,54,2,59,2773,1287,45,2,50,2750,1206,41,2,131,2667
1365,34,1,46,2822,1337,25,1,47,2790,1337,58,1,74,2806
1411,25,0,47,2864,1384,36,0,54,2842,1337,58,1,74,2806
18,37,25,65,2917,1438,43,24,55,2900,1411,57,0,65,2880
83,60,24,61,2993,53,40,23,55,2953,82,25,25,46,2975
144,30,23,48,3039,108,37,22,52,3007,128,32,24,50,3024
192,33,22,49,3089,160,35,21,47,3058,178,34,23,47,3075
241,34,21,51,3138,207,28,20,50,3101,225,27,22,45,3119
292,33,20,50,3189,257,40,19,49,3157,270,31,21,50,3166
342,28,19,46,3236,306,33,18,47,3203,320,41,20,51,3221
388,32,18,47,3284,353,42,17,55,3254,371,29,19,52,3266
435,31,17,53,3331,408,37,16,50,3307,423,44,18,54,3325
488,43,16,57,3390,458,32,15,52,3354,477,36,17,52,3375
545,41,15,53,3446,510,43,14,54,3412,529,37,16,52,3428
598,35,14,53,3496,564,37,13,113,3463,581,38,15,48,3480
651,39,13,56,3551,564,37,13,113,3463,629,28,14,46,3523
707,41,12,52,3608,564,37,13,113,3463,675,30,13,91,3570
759,31,11,54,3655,677,160,12,110,3637,675,30,13,91,3570
813,47,10,57,3717,787,30,11,50,3682,766,119,12,90,3706
870,34,9,53,3767,837,38,10,63,3736,856,27,11,47,3750
923,42,8,55,3824,900,56,9,59,3808,903,34,10,47,3800
978,38,7,54,3877,959,32,8,53,3855,950,26,9,44,3843
1032,39,6,52,3932,1012,48,7,53,3916,994,34,8,50,3891
1084,31,5,49,3980,1065,35,6,51,3963,1044,38,7,51,3943
1133,36,4,64,4031,1116,32,5,67,4012,1095,37,6,62,3994
1197,62,3,61,4108,1183,70,4,65,4098,1196,13,4,34,4083
1258,31,2,49,4154,1248,29,3,46,4143,1230,34,3,49,4127
1307,37,1,58,4206,1294,37,2,52,4193,1279,29,2,55,4174
1365,48,0,78,4269,1346,34,1,50,4243,1334,52,1,57,4240
3,76,27,67,4361,4,26,26,49,4337,1436,27,28,44,4330
70,29,26,58,4405,53,40,25,54,4393,40,29,27,47,4375
128,57,25,60,4477,107,36,24,72,4445,87,32,26,54,4423
188,34,24,46,4525,107,36,24,72,4445,141,48,25,67,4485
234,29,23,45,4569,179,79,23,71,4539,208,55,24,59,4556
279,31,22,46,4615,250,30,22,44,4585,267,30,23,44,4602
325,30,21,43,4660,294,31,21,47,4630,311,30,22,42,4646
368,26,20,44,4701,341,30,20,44,4676,353,25,21,43,4686
412,32,19,48,4748,385,28,19,45,4719,396,31,20,41,4732
460,33,18,54,4797,430,35,18,52,4768,437,21,19,56,4768
514,44,17,57,4856,482,40,17,57,4822,493,58,18,61,4842
571,42,16,56,4912,539,46,16,50,4882,554,38,17,52,4893
627,42,15,56,4968,589,39,15,54,4929,606,41,16,56,4947
683,40,14,51,5023,643,47,14,65,4987,662,37,15,45,5001
734,34,13,60,5071,708,56,13,60,5056,707,24,14,45,5039
794,60,12,62,5144,768,41,12,55,5109,796,25,12,61,5129
856,34,11,50,5193,823,43,11,58,5165,796,25,12,61,5129
906,36,10,50,5244,881,50,10,56,5226,857,70,11,65,5212
956,37,9,50,5295,937,37,9,51,5276,922,31,10,50,5258
1006,36,8,52,5344,988,40,8,48,5328,972,37,9,51,5311
1058,39,7,46,5398,1036,35,7,49,5374,1023,32,8,48,5359
1104,29,6,48,5439,1085,40,6,51,5425,1071,38,7,47,5410
1152,32,5,50,5488,1136,38,5,49,5475,1118,26,6,41,5451
1202,40,4,54,5542,1185,34,4,52,5522,1159,24,5,53,5491
1256,36,3,62,5594,1237,45,3,54,5580,1212,57,4,61,5561
1318,52,2,62,5664,1291,32,2,52,5627,1319,24,2,43,5651
1380,38,1,51,5719,1343,44,1,53,5685,1362,33,1,52,5699
1431,35,0,49,5769,1396,33,0,52,5733,1414,39,0,51,5754
40,34,24,48,5817,8,40,27,50,5788,25,32,25,47,5801
88,29,23,47,5863,58,33,26,67,5835,72,34,24,45,5849
135,34,22,56,5912,58,33,26,67,5835,117,27,23,46,5891
191,49,21,57,5976,189,27,24,43,5963,163,38,22,53,5942
248,35,20,53,6026,232,31,23,48,6008,216,39,21,49,5996
301,39,19,67,6081,280,39,22,51,6060,265,30,20,51,6040
368,70,18,67,6163,374,27,20,45,6148,316,44,19,70,6098
435,32,17,53,6211,419,33,19,50,6196,386,71,18,67,6182
488,42,16,52,6269,469,36,18,80,6247,453,32,17,51,6229
540,33,15,59,6317,469,36,18,80,6247,504,40,16,53,6284
599,51,14,90,6385,549,95,17,91,6357,557,36,15,62,6335
689,95,13,85,6497,699,31,15,44,6475,677,29,13,65,6452
774,42,12,51,6555,743,31,14,48,6519,742,67,12,71,6536
825,27,11,48,6599,791,36,13,46,6569,813,38,11,55,6592
873,37,10,58,6652,837,38,12,53,6616,868,38,10,50,6647
931,40,9,52,6711,890,49,11,59,6675,918,30,9,50,6693
983,30,8,47,6758,949,42,10,48,6730,968,38,8,50,6747
1030,35,7,49,6808,997,38,9,54,6776,1018,28,7,47,6792
1079,31,6,52,6855,1051,29,8,41,6826,1065,37,6,48,6844
1131,41,5,52,6912,1092,39,7,51,6872,1113,26,5,42,6886
1183,30,4,48,6958,1143,33,6,48,6920,1155,27,4,55,6929
1231,39,3,67,7011,1191,37,5,50,6970,1210,50,3,51,6995
1298,63,2,77,7090,1291,35,3,44,7069,1261,27,2,65,7035
1375,60,1,57,7165,1377,29,1,63,7152,1326,73,1,70,7123
1432,24,0,44,7204,1377,29,1,63,7152,1396,41,0,49,7177
36,32,24,47,7252,1440,70,0,65,7235,5,29,25,45,7220
83,29,23,44,7298,65,36,25,47,7283,50,28,24,46,7264
127,33,22,47,7344,112,33,24,48,7329,96,33,23,45,7313
174,30,21,43,7389,160,29,23,43,7375,141,35,22,48,7359
217,26,20,48,7430,203,28,22,49,7417,189,36,21,47,7407
265,38,19,56,7484,252,42,21,46,7473,236,34,20,47,7453
321,44,18,49,7543,298,28,20,51,7512,283,33,19,53,7500
370,27,17,45,7584,349,48,19,50,7573,336,46,18,50,7559
415,34,16,49,7632,399,31,18,41,7615,386,30,17,43,7601
464,34,15,59,7681,440,26,17,57,7653,429,29,16,49,7644
523,55,14,63,7751,497,63,16,62,7729,478,41,15,70,7699
586,41,13,58,7807,559,29,15,57,7774,548,67,14,64,7782
644,42,12,57,7865,616,52,14,62,7842,612,26,13,51,7825
701,42,11,82,7922,678,45,13,57,7901,663,44,12,55,7885
783,86,10,81,8026,785,26,11,57,7998,762,25,10,53,7975
864,46,9,65,8087,842,59,10,68,8072,815,46,9,63,8038
929,53,8,68,8156,910,44,9,60,8132,878,47,8,68,8102
997,52,7,60,8223,970,43,8,67,8192,946,60,7,67,8176
1057,39,6,60,8277,1037,57,7,60,8266,1013,45,6,60,8236
1117,52,5,56,8343,1097,43,6,52,8319,1073,45,5,65,8296
1173,30,4,47,8388,1149,30,5,49,8364,1138,52,4,80,8364
1220,32,3,52,8436,1198,38,4,55,8417,1138,52,4,80,8364
1272,43,2,68,8494,1253,38,3,58,8472,1218,73,3,71,8455
1340,60,1,64,8570,1311,44,2,65,8533,1335,26,1,51,8548
1404,40,0,58,8624,1376,56,1,61,8604,1386,47,0,60,8610
22,45,21,79,8685,1437,36,0,51,8655,6,41,23,60,8667
101,80,20,71,8781,92,23,22,59,8744,66,49,22,62,8731
172,33,19,55,8829,151,62,21,66,8822,128,44,21,64,8790
227,45,18,52,8890,217,44,20,50,8879,192,55,20,60,8860
279,27,17,49,8933,267,29,19,44,8922,252,32,19,47,8908
328,39,16,52,8988,311,29,18,53,8966,299,33,18,53,8956
380,34,15,47,9037,364,42,17,52,9025,352,42,17,50,9013
427,32,14,56,9083,416,31,16,51,9072,402,26,16,42,9055
483,51,13,69,9149,467,41,15,51,9128,444,26,15,99,9097
552,56,12,87,9220,518,33,14,57,9175,444,26,15,99,9097
639,89,11,73,9324,628,26,12,50,9281,648,28,13,63,9302
712,26,10,53,9365,678,47,11,62,9342,648,28,13,63,9302
765,49,9,77,9430,740,48,10,64,9404,711,65,12,72,9384
842,73,8,79,9519,804,53,9,69,9471,836,25,10,57,9489
921,53,7,66,9588,873,56,8,65,9541,893,55,9,71,9561
987,46,6,51,9650,938,47,7,85,9602,964,57,8,59,9633
1038,26,5,48,9691,938,47,7,85,9602,1023,28,7,44,9677
1086,38,4,49,9745,1023,92,6,78,9709,1067,27,6,48,9721
1135,29,3,47,9790,1101,34,5,52,9758,1115,37,5,48,9774
1182,33,2,89,9839,1153,40,4,52,9813,1163,26,4,53,9816
1271,117,1,100,9970,1267,53,2,75,9934,1281,47,2,52,9945
1371,51,0,84,10037,1342,66,1,78,10015,1333,25,1,59,9986
15,87,25,77,10139,1420,59,0,71,10090,14,32,19,53,10110
92,38,24,52,10191,51,50,25,66,10156,67,41,18,74,10168
144,37,23,47,10243,117,49,24,71,10222,67,41,18,74,10168
191,26,22,46,10284,117,49,24,71,10222,141,74,17,74,10258
237,37,21,53,10336,188,60,23,67,10298,215,43,16,59,10317
290,41,20,54,10391,255,43,22,53,10357,274,38,15,51,10373
344,35,19,47,10442,308,29,21,49,10403,325,31,14,49,10421
391,26,18,44,10484,357,36,20,47,10455,374,33,13,50,10471
435,26,17,71,10528,404,26,19,67,10497,424,36,12,115,10522
506,86,16,72,10629,471,79,18,74,10591,424,36,12,115,10522
578,30,15,53,10673,545,43,17,59,10647,424,36,12,115,10522
631,49,14,58,10736,604,53,16,65,10711,539,160,11,111,10699
689,36,13,51,10787,669,47,15,53,10773,650,42,10,55,10751
740,38,12,48,10839,722,33,14,49,10819,705,41,9,331,10806
788,30,11,50,10883,771,39,13,48,10871,705,41,9,331,10806
838,40,10,49,10938,819,34,12,52,10916,705,41,9,331,10806
887,30,9,45,10982,871,43,11,49,10973,705,41,9,331,10806
932,34,8,48,11029,920,31,10,44,11016,705,41,9,331,10806
980,32,7,58,11076,964,28,9,41,11058,705,41,9,331,10806
1038,60,6,58,11148,1005,29,8,51,11100,1036,23,8,43,11128
1096,30,5,42,11191,1056,45,7,54,11159,1079,36,7,44,11177
1138,30,4,45,11233,1110,33,6,42,11207,1123,26,6,38,11216
1183,34,3,122,11280,1152,26,5,45,11245,1161,20,5,50,11251
1305,45,2,54,11408,1299,24,2,43,11391,1271,35,3,52,11369
1359,28,1,46,11453,1342,31,1,46,11438,1323,36,2,50,11421
1405,32,0,46,11501,1388,33,0,47,11485,1373,33,1,49,11470
106,84,23,76,11668,100,27,25,44,11634,66,36,23,102,11604
182,41,22,55,11723,144,32,24,55,11680,66,36,23,102,11604
237,37,21,48,11776,199,48,23,54,11743,168,137,22,101,11757
285,28,20,48,11819,253,32,22,47,11789,269,36,21,46,11807
333,38,19,49,11872,300,33,21,48,11837,315,30,20,48,11850
382,29,18,47,11917,348,35,20,49,11886,363,43,19,50,11905
429,32,17,49,11965,397,34,19,43,11934,413,28,18,49,11947
478,34,16,66,12015,440,24,18,54,11972,462,43,17,58,12004
544,71,15,75,12100,554,32,16,46,12090,520,46,16,55,12063
619,50,14,55,12164,600,29,15,50,12135,575,41,15,59,12116
674,29,13,42,12209,650,39,14,47,12190,634,46,14,75,12177
716,27,12,52,12250,697,25,13,46,12230,634,46,14,75,12177
768,49,11,65,12313,743,34,12,56,12280,709,75,13,73,12267
833,50,10,58,12378,799,48,11,55,12343,830,30,11,45,12365
891,36,9,53,12429,854,33,10,50,12391,875,32,10,50,12411
944,40,8,52,12484,904,33,9,55,12441,925,39,9,55,12465
996,34,7,47,12533,959,45,8,52,12502,980,43,8,51,12522
1043,28,6,47,12577,1011,29,7,49,12546,1031,30,7,47,12566
1090,35,5,51,12628,1060,37,6,47,12599,1078,39,6,55,12618
1141,36,4,76,12679,1107,33,5,56,12644,1133,44,5,59,12675
1217,84,3,78,12779,1222,33,3,57,12759,1192,55,4,63,12740
1295,45,2,59,12838,1279,53,2,56,12826,1255,44,3,58,12797
1354,45,1,61,12897,1335,41,1,60,12876,1313,47,2,57,12857
1415,44,0,59,12957,1395,56,0,57,12943,1370,40,1,59,12910
34,44,21,72,13016,12,38,21,46,12991,1429,51,0,81,12975
106,70,20,78,13101,58,32,20,75,13034,70,85,21,96,13073
184,57,19,61,13173,133,94,19,78,13140,166,78,20,63,13165
245,32,18,50,13221,211,39,18,52,13191,229,35,19,52,13207
295,39,17,53,13275,263,40,17,53,13243,281,40,18,54,13261
348,39,16,56,13328,316,39,16,55,13296,335,44,17,54,13317
404,40,15,64,13384,371,42,15,49,13352,389,45,16,64,13372
468,54,14,61,13455,420,33,14,62,13397,453,52,15,60,13439
529,36,13,54,13507,482,64,13,64,13474,513,41,14,50,13494
583,42,12,52,13564,546,36,12,60,13524,563,31,13,66,13539
635,30,11,66,13610,606,54,11,64,13593,563,31,13,66,13539
701,89,10,78,13706,670,45,10,61,13653,696,37,11,85,13675
779,37,9,56,13758,731,44,9,64,13713,696,37,11,85,13675
835,41,8,70,13816,795,55,8,60,13783,781,112,10,97,13797
905,68,7,99,13899,907,31,6,40,13883,878,56,9,57,13866
1004,99,6,79,14014,992,36,4,58,13970,1020,29,6,46,13995
1083,29,5,52,14058,1050,56,3,56,14038,1066,38,5,48,14045
1135,44,4,62,14117,1106,39,2,48,14086,1114,35,4,63,14092
1197,51,3,94,14183,1154,30,1,73,14129,1177,67,3,87,14171
1291,104,2,84,14303,1227,88,0,457,14231,1264,75,2,84,14262
1375,37,1,49,14354,1227,88,0,457,14231,1348,58,1,66,14337
1424,31,0,51,14400,1227,88,0,457,14231,1414,45,0,55,14397
35,40,24,55,14455,1227,88,0,457,14231,29,35,24,47,14447
90,37,23,57,14509,1227,88,0,457,14231,76,32,23,45,14492
147,46,22,63,14570,1227,88,0,457,14231,121,28,22,41,14535
210,51,21,84,14636,1227,88,0,457,14231,162,26,21,53,14575
294,84,20,92,14736,290,28,23,46,14704,277,42,19,66,14698
386,71,19,66,14822,378,26,21,45,14791,404,29,17,55,14819
452,29,18,47,14867,423,37,20,52,14842,404,29,17,55,14819
499,33,17,48,14916,475,41,19,53,14896,459,48,16,56,14883
547,30,16,53,14962,528,37,18,56,14947,515,37,15,50,14934
600,44,15,54,15022,584,46,17,53,15007,565,37,14,52,14984
654,36,14,47,15072,637,29,16,48,15052,617,41,13,52,15038
701,30,13,50,15116,685,34,15,46,15102,669,33,12,49,15086
751,39,12,61,15171,731,29,14,56,15146,718,36,11,46,15136
812,53,11,52,15239,787,51,13,54,15213,764,32,10,53,15180
864,24,10,43,15276,841,28,12,46,15255,817,48,9,57,15241
907,30,9,53,15322,887,34,11,46,15304,874,37,8,59,15293
960,46,8,52,15383,933,30,10,47,15348,933,53,7,60,15360
1012,28,7,45,15426,980,32,9,47,15396,993,41,6,49,15414
1057,35,6,49,15475,1027,32,8,48,15443,1042,32,5,48,15458
1106,34,5,45,15523,1075,34,7,45,15492,1090,36,4,70,15508
1151,33,4,70,15568,1120,28,6,42,15534,1090,36,4,70,15508
1221,78,3,65,15660,1206,35,4,55,15624,1232,34,2,88,15649
1286,24,2,41,15698,1261,45,3,52,15684,1232,34,2,88,15649
1327,31,1,67,15743,1313,26,2,51,15726,1232,34,2,88,15649
1394,75,0,78,15832,1364,44,1,73,15786,1320,116,1,100,15778
32,48,22,299,15896,1437,72,0,68,15873,1420,56,0,84,15848
331,32,21,52,16187,248,30,21,91,16103,313,35,21,44,16171
383,42,20,49,16244,339,120,20,90,16239,357,24,20,41,16209
432,29,19,48,16287,429,30,19,43,16284,398,32,19,45,16254
480,40,18,57,16340,472,29,18,45,16327,443,30,18,54,16298
537,45,17,54,16400,517,32,17,49,16373,497,52,17,55,16363
591,33,16,48,16448,566,34,16,51,16423,552,28,16,49,16406
639,32,15,47,16495,617,39,15,49,16477,601,41,15,51,16462
686,32,14,47,16542,666,37,14,52,16525,652,33,14,49,16509
733,35,13,43,16591,718,36,13,68,16576,701,41,13,51,16562
776,26,12,45,16629,718,36,13,68,16576,752,30,12,44,16607
821,31,11,46,16677,786,72,12,64,16662,796,31,11,46,16652
867,33,10,47,16724,850,27,11,48,16704,842,33,10,45,16699
914,35,9,54,16772,898,40,10,50,16758,887,28,9,49,16741
968,44,8,55,16830,948,33,9,45,16805,936,40,8,63,16796
1023,36,7,46,16881,993,29,8,46,16848,999,56,7,58,16867
1069,27,6,51,16923,1039,30,7,48,16894,1057,30,6,48,16912
1120,44,5,55,16982,1087,36,6,47,16945,1105,36,5,45,16963
1175,39,4,66,17035,1134,25,5,47,16987,1150,27,4,59,17004
1241,63,3,72,17113,1236,42,3,53,17097,1209,61,3,64,17080
1313,50,2,60,17178,1289,33,2,61,17146,1273,43,2,57,17135
1373,41,1,54,17234,1350,57,1,60,17219,1330,47,1,56,17194
1427,35,0,106,17285,1410,33,0,50,17267,1386,41,0,54,17247
93,145,23,106,17446,99,88,24,78,17423,112,40,24,53,17412
199,36,22,52,17497,177,37,23,54,17476,165,38,23,50,17464
251,37,21,49,17550,231,36,22,51,17529,215,35,22,52,17513
300,30,20,45,17595,282,35,21,49,17580,267,40,21,48,17567
345,29,19,46,17640,331,30,20,44,17626,315,31,20,46,17611
391,31,18,44,17687,375,27,19,45,17669,361,34,19,44,17658
435,27,17,49,17729,420,29,18,49,17715,405,31,18,48,17701
484,38,16,60,17783,469,35,17,50,17767,453,41,17,59,17754
544,55,15,62,17852,519,30,16,52,17814,512,50,16,58,17817
606,38,14,45,17905,571,45,15,50,17874,570,38,15,69,17869
651,23,13,40,17943,621,23,14,46,17913,570,38,15,69,17869
691,27,12,45,17985,667,37,13,53,17966,639,72,14,63,17955
736,30,11,50,18031,720,39,12,57,18020,702,28,13,47,17996
786,42,10,76,18087,777,43,11,69,18079,749,39,12,57,18049
862,80,9,73,18182,846,62,10,69,18157,856,24,10,47,18148
935,39,8,50,18235,915,45,9,54,18218,903,38,9,50,18202
985,32,7,54,18281,969,31,8,46,18265,953,34,8,47,18250
1039,51,6,95,18345,1015,31,7,57,18311,1000,32,7,53,18296
1134,110,5,87,18469,1134,44,5,53,18436,1113,47,5,74,18417
1221,37,4,52,18520,1187,32,4,50,18483,1187,71,4,68,18503
1273,36,3,53,18571,1237,39,3,64,18537,1255,39,3,46,18555
1326,40,2,52,18626,1301,56,2,60,18609,1301,26,2,43,18594
1378,33,1,49,18675,1361,33,1,49,18658,1344,35,1,53,18642
1427,38,0,52,18726,1410,34,0,48,18707,1397,43,0,50,18699
39,40,23,52,18779,18,30,26,48,18753,41,25,23,45,18774
91,34,22,52,18828,66,36,25,51,18804,86,39,22,48,18826
143,38,21,70,18882,117,40,24,57,18857,134,31,21,51,18870
213,70,20,71,18968,220,25,22,47,18953,185,45,20,49,18928
284,40,19,55,19024,267,40,21,51,19007,234,27,19,48,18968
339,37,18,54,19078,318,35,20,53,19056,282,44,18,55,19024
393,42,17,50,19134,371,41,19,53,19112,391,40,16,50,19131
443,30,16,73,19178,424,33,18,44,19161,391,40,16,50,19131
516,84,15,80,19278,512,35,16,52,19250,541,31,13,46,19277
596,46,14,57,19339,564,38,15,60,19303,587,32,12,61,19323
653,38,13,56,19392,624,54,14,64,19371,587,32,12,61,19323
709,50,12,58,19454,688,44,13,56,19430,648,63,11,71,19400
767,39,11,63,19507,744,40,12,71,19484,719,49,10,75,19464
830,58,10,63,19579,815,72,11,64,19571,794,70,9,103,19549
893,43,9,80,19635,879,26,10,54,19612,794,70,9,103,19549
973,88,8,73,19737,995,38,8,51,19734,988,44,7,72,19730
1046,32,7,49,19782,1046,30,7,50,19781,988,44,7,72,19730
1095,36,6,51,19833,1046,30,7,50,19781,1060,72,6,65,19816
1146,37,5,52,19885,1145,30,5,49,19880,1125,28,5,52,19859
1198,36,4,65,19936,1194,39,4,57,19934,1177,49,4,60,19922
1263,66,3,62,20016,1251,42,3,60,19992,1237,41,3,48,19978
1325,30,2,46,20060,1311,46,2,55,20054,1285,24,2,55,20017
1371,32,1,47,20107,1366,34,1,48,20103,1340,60,1,59,20090
1418,32,0,50,20154,1414,33,0,48,20151,1399,30,0,46,20134
28,40,27,49,20208,22,30,28,49,20197,5,35,28,49,20183
77,32,26,46,20253,71,38,27,50,20250,54,39,27,51,20234
123,32,25,43,20299,121,28,26,44,20295,105,34,26,46,20282
166,25,24,44,20339,121,28,26,44,20295,151,30,25,43,20326
210,33,23,46,20387,209,29,24,45,20384,194,32,24,43,20370
256,31,22,46,20432,254,31,23,46,20430,237,27,23,45,20411
302,34,21,47,20479,300,28,22,46,20474,282,37,22,49,20461
349,31,20,45,20525,346,33,21,45,20523,331,32,21,45,20507
394,32,19,45,20570,391,27,20,44,20565,376,33,20,46,20553
439,30,18,51,20614,435,31,19,47,20611,422,33,19,46,20599
490,45,17,52,20673,482,32,18,52,20658,468,33,18,52,20645
542,31,16,49,20718,534,41,17,54,20715,520,49,17,54,20705
591,37,15,55,20770,588,32,16,47,20764,574,30,16,48,20749
646,46,14,56,20829,635,30,15,44,20810,622,39,15,74,20802
702,38,13,45,20881,679,27,14,51,20853,622,39,15,74,20802
747,25,12,46,20920,730,44,13,49,20912,696,82,14,84,20897
793,39,11,72,20973,779,23,12,46,20951,780,60,13,62,20970
865,75,10,68,21063,825,37,11,70,21004,887,25,11,45,21060
933,32,9,49,21109,895,70,10,67,21090,887,25,11,45,21060
982,32,8,46,21158,962,32,9,48,21138,979,32,9,45,21155
1028,32,7,47,21204,1010,33,8,48,21187,1024,29,8,46,21199
1075,34,6,46,21252,1058,32,7,47,21234,1070,33,7,48,21247
1121,29,5,45,21296,1105,28,6,41,21279,1070,33,7,48,21247
1166,33,4,52,21343,1146,26,5,40,21319,1162,26,5,43,21335
1218,41,3,55,21399,1186,27,4,52,21360,1205,35,4,56,21383
1273,40,2,58,21453,1238,46,3,66,21421,1261,51,3,60,21447
1331,45,1,60,21514,1304,56,2,67,21492,1321,38,2,54,21500
1391,47,0,53,21575,1371,46,1,52,21554,1375,43,1,56,21557
4,27,26,49,21618,1423,28,0,54,21597,1431,41,0,58,21612
53,40,25,48,21673,37,51,22,52,21663,49,44,28,52,21671
101,37,24,51,21720,89,24,21,41,21701,101,31,27,45,21717
152,42,23,52,21773,130,28,20,43,21744,146,29,26,50,21761
204,32,22,63,21820,173,29,19,39,21788,196,42,25,48,21817
267,63,21,59,21899,253,28,17,47,21867,280,21,23,38,21891
326,24,20,43,21938,300,37,16,60,21919,318,25,22,41,21931
369,33,19,48,21986,300,37,16,60,21919,359,28,21,42,21973
417,35,18,57,22035,417,28,14,44,22031,401,27,20,46,22015
474,50,17,87,22099,461,35,13,54,22079,447,35,19,49,22065
561,92,16,97,22207,571,26,11,47,22184,589,26,16,52,22202
658,71,15,71,22294,671,34,9,51,22288,641,52,15,64,22267
729,40,14,55,22349,722,46,8,56,22345,705,51,14,57,22331
784,38,13,61,22403,778,37,7,59,22397,762,39,13,53,22382
845,54,12,65,22472,837,49,6,65,22462,815,43,12,66,22437
910,43,11,55,22532,902,49,5,57,22527,881,64,11,63,22513
965,34,10,50,22582,959,42,4,51,22580,944,37,10,49,22563
1015,34,9,48,22632,1010,38,3,49,22629,993,34,9,48,22610
1063,33,8,46,22680,1059,32,2,47,22675,1041,37,8,47,22660
1109,28,7,51,22723,1106,31,1,47,22722,1088,35,7,49,22706
1160,45,6,53,22783,1153,32,0,342,22769,1137,35,6,49,22755
1213,29,5,40,22828,1153,32,0,342,22769,1186,34,5,51,22803
1253,24,4,39,22865,1153,32,0,342,22769,1237,44,4,49,22859
1292,26,3,38,22905,1153,32,0,342,22769,1286,26,3,40,22899
1330,25,2,46,22943,1153,32,0,342,22769,1326,26,2,39,22939
1376,39,1,48,22996,1153,32,0,342,22769,1365,23,1,41,22977
1424,26,0,42,23037,1153,32,0,342,22769,1406,29,0,51,23021
26,29,28,45,23081,1153,32,0,342,22769,1406,29,0,51,23021
71,31,27,44,23127,55,32,26,45,23111,70,32,25,44,23126
115,29,26,53,23170,100,26,25,43,23153,70,32,25,44,23126
168,53,25,57,23235,143,28,24,43,23197,157,25,23,50,23210
225,29,24,45,23280,186,26,23,42,23239,207,45,22,71,23270
270,28,23,46,23324,268,24,21,44,23320,207,45,22,71,23270
316,35,22,46,23374,312,32,20,46,23368,278,67,21,64,23352
362,26,21,41,23415,358,28,19,44,23412,342,37,20,46,23401
403,26,20,42,23456,358,28,19,44,23412,388,27,19,41,23442
445,30,19,57,23500,402,28,18,43,23456,429,35,18,64,23487
502,54,18,59,23569,489,26,16,48,23542,493,67,17,64,23567
561,35,17,50,23619,537,42,15,53,23598,557,33,16,51,23614
611,38,16,57,23670,590,36,14,60,23648,608,41,15,46,23669
668,48,15,53,23732,650,54,13,54,23717,654,26,14,54,23707
721,31,14,45,23777,704,25,12,46,23757,654,26,14,54,23707
766,28,13,44,23820,750,38,11,78,23809,708,58,13,71,23777
810,31,12,51,23866,750,38,11,78,23809,779,57,12,58,23848
861,45,11,50,23924,828,86,10,71,23911,837,30,11,47,23892
911,24,10,45,23963,899,30,9,53,23954,884,37,10,51,23943
956,36,9,50,24014,899,30,9,53,23954,935,36,9,50,23993
1006,34,8,45,24063,1005,32,7,44,24061,985,39,8,50,24045
1051,28,7,42,24105,1005,32,7,44,24061,1035,32,7,44,24091
1093,31,6,45,24149,1049,31,6,67,24105,1079,31,6,43,24135
1138,31,5,39,24194,1116,72,5,62,24192,1122,29,5,43,24177
1177,25,4,50,24230,1116,72,5,62,24192,1165,31,4,73,24221
1227,47,3,59,24291,1226,44,3,52,24288,1165,31,4,73,24221
1286,38,2,53,24345,1278,31,2,48,24334,1238,87,3,76,24322
1339,39,1,54,24399,1326,34,1,58,24383,1314,37,2,54,24373
1393,40,0,53,24453,1384,52,0,59,24450,1368,46,1,58,24431
6,38,24,49,24505,3,39,23,47,24503,1426,44,0,52,24488
55,30,23,42,24550,50,27,22,45,24544,38,33,23,45,24535
97,25,22,44,24590,50,27,22,45,24544,83,28,22,43,24577
141,32,21,45,24637,139,26,20,43,24632,126,32,21,43,24622
186,26,20,44,24679,139,26,20,43,24632,169,29,20,44,24664
230,35,19,47,24728,228,30,18,45,24723,213,33,19,47,24710
277,32,18,43,24773,273,31,17,46,24769,260,32,18,44,24756
320,33,17,45,24817,319,30,16,44,24814,304,33,17,46,24801
365,28,16,44,24859,363,30,15,43,24858,350,30,16,43,24845
409,33,15,42,24906,406,28,14,48,24900,393,32,15,42,24889
451,22,14,56,24942,406,28,14,48,24900,435,31,14,64,24931
507,63,13,59,25019,503,28,12,59,24997,499,69,13,129,25014
566,25,12,49,25059,503,28,12,59,24997,499,69,13,129,25014
615,43,11,103,25117,619,22,10,43,25110,499,69,13,129,25014
718,131,10,103,25264,758,36,7,48,25256,735,30,11,67,25230
821,46,9,67,25324,806,27,6,53,25300,802,81,10,73,25323
888,64,8,59,25400,859,44,5,58,25361,875,40,9,62,25375
947,27,7,46,25441,917,40,4,57,25417,875,40,9,62,25375
993,37,6,59,25492,974,41,3,326,25475,937,58,8,65,25446
1052,49,5,62,25557,974,41,3,326,25475,1054,34,6,51,25551
1114,47,4,57,25618,974,41,3,326,25475,1105,41,5,55,25606
1171,41,3,73,25672,974,41,3,326,25475,1160,49,4,62,25665
1244,74,2,87,25761,974,41,3,326,25475,1222,46,3,79,25725
1331,69,1,68,25846,1343,29,1,73,25838,1301,85,2,74,25824
1399,38,0,50,25898,1343,29,1,73,25838,1375,34,1,52,25872
9,37,26,49,25948,1416,89,0,78,25941,1427,43,0,51,25929
58,31,25,50,25994,54,34,18,77,25991,38,33,16,53,25975
108,40,24,51,26048,54,34,18,77,25991,91,47,15,52,26035
159,37,23,48,26098,131,87,17,72,26095,143,31,14,45,26079
207,30,22,46,26142,203,27,16,43,26137,188,34,13,46,26125
253,35,21,48,26191,246,29,15,48,26181,234,32,12,47,26170
301,30,20,51,26236,294,34,14,54,26231,281,37,11,49,26220
352,46,19,50,26295,348,43,13,51,26290,330,34,10,50,26267
402,29,18,46,26337,399,27,12,44,26333,380,41,9,48,26321
448,36,17,49,26386,443,31,11,48,26379,428,29,8,41,26363
497,36,16,62,26435,491,33,10,46,26428,469,25,7,63,26402
559,61,15,61,26510,537,25,9,53,26470,532,75,6,78,26490
620,32,14,55,26556,590,49,8,100,26535,532,75,6,78,26490
675,46,13,62,26618,590,49,8,100,26535,668,36,4,57,26606
737,50,12,55,26682,690,120,7,93,26670,725,52,3,79,26671
792,30,11,41,26727,783,42,6,88,26724,725,52,3,79,26671
833,25,10,72,26766,783,42,6,88,26724,804,81,2,74,26765
905,88,9,72,26869,871,105,5,92,26844,929,27,0,737,26863
977,27,8,40,26911,963,46,4,117,26906,929,27,0,737,26863
1017,24,7,41,26949,963,46,4,117,26906,929,27,0,737,26863
1058,30,6,45,26993,963,46,4,117,26906,929,27,0,737,26863
1103,33,5,54,27040,963,46,4,117,26906,929,27,0,737,26863
1157,45,4,59,27100,1080,160,3,145,27080,929,27,0,737,26863
1216,44,3,61,27158,1080,160,3,145,27080,929,27,0,737,26863
1277,47,2,61,27221,1225,99,2,112,27195,929,27,0,737,26863
1338,43,1,61,27280,1225,99,2,112,27195,929,27,0,737,26863
1399,45,0,47,27342,1337,91,1,81,27303,929,27,0,737,26863
6,28,15,50,27380,1418,40,0,93,27358,929,27,0,737,26863
56,44,14,61,27438,1418,40,0,93,27358,929,27,0,737,26863
117,46,13,68,27500,71,114,19,84,27488,929,27,0,737,26863
185,60,12,61,27575,198,28,17,45,27572,929,27,0,737,26863
246,35,11,56,27624,243,33,16,56,27620,226,55,21,56,27614
302,48,10,71,27686,299,50,15,59,27684,282,28,20,51,27656
373,66,9,64,27766,358,38,14,62,27737,333,44,19,66,27715
437,30,8,57,27812,420,54,13,67,27807,399,61,18,62,27790
494,62,7,83,27885,487,53,12,66,27874,461,33,17,61,27838
577,72,6,66,27973,553,49,11,293,27938,585,43,15,54,27967
643,29,5,58,28018,553,49,11,293,27938,585,43,15,54,27967
701,55,4,64,28089,553,49,11,293,27938,692,41,13,59,28073
765,41,3,55,28146,553,49,11,293,27938,751,51,12,58,28137
820,41,2,52,28201,553,49,11,293,27938,809,39,11,54,28189
872,35,1,535,28250,846,42,10,77,28227,863,43,10,54,28245
1407,23,0,51,28779,1390,41,0,50,28771,1340,71,1,96,28736
18,50,22,68,28843,0,21,25,52,28811,1436,88,0,79,28840
86,55,21,63,28914,52,47,24,63,28876,75,43,24,61,28897
149,41,20,51,28970,115,44,23,57,28937,136,50,23,57,28961
200,28,19,45,29014,172,34,22,50,28989,193,39,22,48,29013
245,34,18,52,29062,222,36,21,80,29040,241,26,21,50,29054
297,39,17,60,29117,222,36,21,80,29040,291,47,20,53,29115
357,49,16,59,29182,302,88,20,77,29146,344,33,19,50,29161
416,36,15,45,29234,379,34,19,43,29196,394,39,18,53,29214
461,29,14,43,29276,422,23,18,46,29234,447,38,17,50,29266
504,34,13,44,29321,468,35,17,59,29286,497,34,16,62,29314
548,29,12,46,29363,527,51,16,59,29353,497,34,16,62,29314
594,36,11,49,29412,586,39,15,54,29406,559,64,15,64,29391
643,32,10,52,29459,640,28,14,43,29454,623,30,14,61,29438
695,42,9,51,29516,683,25,13,43,29496,684,60,13,59,29514
746,31,8,45,29562,726,28,12,70,29540,743,33,12,48,29560
791,34,7,51,29608,726,28,12,70,29540,743,33,12,48,29560
842,40,6,63,29662,796,79,11,87,29636,837,34,10,42,29654
905,59,5,73,29735,883,62,10,63,29714,879,36,9,46,29697
978,56,4,272,29806,946,39,9,48,29766,966,26,7,53,29779
1250,41,3,50,30071,1240,48,3,57,30064,1231,41,2,78,30052
1300,29,2,51,30115,1297,34,2,48,30114,1231,41,2,78,30052
1351,39,1,49,30171,1345,35,1,50,30163,1309,90,1,73,30154
1400,30,0,49,30215,1395,35,0,50,30213,1382,31,0,46,30198
9,38,25,52,30268,5,33,25,51,30262,1428,35,25,51,30246
61,38,24,45,30320,56,36,24,47,30314,39,38,24,49,30298
106,29,23,45,30361,103,29,23,45,30358,88,33,23,45,30345
151,28,22,49,30405,148,32,22,42,30404,133,31,22,57,30389
200,40,21,60,30460,190,25,21,41,30443,190,54,21,56,30457
260,48,20,55,30524,231,28,20,64,30485,246,32,20,45,30502
315,32,19,47,30571,295,70,19,66,30570,291,39,19,53,30551
362,32,18,50,30618,361,30,18,49,30616,344,40,18,49,30604
412,42,17,64,30673,410,39,17,52,30670,393,31,17,53,30649
476,61,16,73,30747,462,32,16,69,30718,446,48,16,53,30710
549,49,15,62,30814,531,74,15,73,30808,499,30,15,105,30754
611,40,14,89,30871,604,38,14,63,30863,499,30,15,105,30754
700,106,13,86,30993,667,59,13,65,30937,711,29,13,51,30966
786,34,12,46,31043,782,30,11,45,31037,762,47,12,55,31026
832,29,11,49,31087,827,31,10,71,31083,817,34,11,47,31074
881,39,10,43,31141,827,31,10,71,31083,864,33,10,44,31121
924,27,9,46,31178,827,31,10,71,31083,908,29,9,45,31163
970,37,8,64,31229,898,79,9,75,31178,953,32,8,46,31209
1034,62,7,57,31305,1022,32,7,50,31278,1043,31,6,60,31299
1091,24,6,53,31343,1072,39,6,63,31332,1043,31,6,60,31299
1144,55,5,58,31412,1135,56,5,62,31403,1103,61,5,71,31374
1202,31,4,50,31458,1197,37,4,49,31456,1174,52,4,58,31440
1252,38,3,50,31511,1246,29,3,47,31501,1232,39,3,49,31492
1302,32,2,67,31558,1293,32,2,54,31549,1281,33,2,50,31538
1369,71,1,68,31645,1347,42,1,61,31608,1385,38,0,48,31644
1437,35,0,47,31695,1408,50,0,56,31673,1433,30,28,46,31688
44,30,22,46,31739,24,30,21,55,31719,39,37,27,43,31738
90,34,21,44,31787,79,49,20,53,31784,82,23,26,60,31774
134,25,20,42,31827,132,24,19,42,31824,82,23,26,60,31774
176,30,19,48,31871,174,30,18,48,31869,142,68,25,66,31856
224,38,18,96,31923,222,32,17,50,31918,208,38,24,49,31907
320,128,17,96,32064,367,30,14,44,32062,353,29,21,46,32048
416,37,16,52,32115,411,29,13,46,32106,399,34,20,49,32096
468,40,15,125,32168,457,30,12,55,32152,448,40,19,56,32148
593,179,14,117,32363,569,28,10,291,32263,640,34,15,54,32337
710,25,13,43,32403,569,28,10,291,32263,694,47,14,50,32398
753,28,12,50,32447,569,28,10,291,32263,744,26,13,40,32437
803,38,11,63,32502,569,28,10,291,32263,784,27,12,51,32478
866,57,10,68,32575,860,61,9,60,32571,835,47,11,74,32539
934,50,9,54,32639,920,27,8,47,32614,909,77,10,73,32628
988,31,8,48,32684,967,35,7,49,32665,982,39,9,53,32682
1036,31,7,45,32732,1016,31,6,48,32712,982,39,9,53,32682
1081,30,6,46,32776,1064,30,5,46,32759,1077,33,7,49,32774
1127,34,5,42,32824,1110,31,4,48,32806,1077,33,7,49,32774
1169,25,4,44,32862,1158,33,3,105,32855,1126,35,6,48,32824
1213,33,3,45,32910,1158,33,3,105,32855,1174,35,5,47,32872
1258,26,2,51,32951,1158,33,3,105,32855,1221,30,4,42,32916
1309,46,1,60,33012,1158,33,3,105,32855,1304,24,2,48,32996
1369,44,0,78,33071,1357,33,1,48,33054,1352,42,1,58,33053
7,80,22,68,33167,1405,33,0,104,33102,22,28,23,84,33156
75,27,21,92,33209,1405,33,0,104,33102,22,28,23,84,33156
167,129,20,104,33352,176,40,23,60,33316,106,110,22,98,33281
271,47,19,64,33415,236,53,22,73,33383,266,43,20,70,33408
335,50,18,65,33480,309,67,21,69,33463,266,43,20,70,33408
400,49,17,84,33545,378,43,20,57,33520,336,66,19,70,33489
484,87,16,89,33648,490,37,18,48,33629,502,33,16,54,33639
573,60,15,63,33723,581,26,16,49,33714,556,51,15,57,33702
636,32,14,43,33772,630,42,15,61,33771,613,36,14,48,33751
679,25,13,49,33812,630,42,15,61,33771,661,34,13,55,33798
728,38,12,49,33867,691,53,14,62,33838,716,48,12,87,33860
777,31,11,64,33913,753,42,13,55,33894,716,48,12,87,33860
841,66,10,62,33994,808,40,12,72,33948,803,98,11,80,33972
903,31,9,47,34039,880,75,11,68,34038,883,36,10,48,34021
950,31,8,48,34086,948,29,10,47,34083,931,35,9,48,34069
998,32,7,48,34134,948,29,10,47,34083,979,33,8,48,34116
1046,33,6,48,34183,1043,30,8,47,34178,1027,36,7,69,34165
1094,33,5,42,34231,1090,34,7,43,34227,1027,36,7,69,34165
1136,30,4,72,34271,1133,27,6,44,34267,1096,77,6,67,34255
1208,83,3,72,34370,1225,42,4,53,34366,1207,32,4,50,34343
1280,31,2,55,34416,1278,32,3,50,34414,1257,38,3,53,34396
1335,47,1,56,34479,1328,40,2,55,34468,1310,38,2,55,34449
1391,34,0,45,34528,1383,40,1,50,34523,1365,43,1,51,34507
1436,29,24,44,34571,1433,32,0,45,34569,1416,38,0,48,34555
40,32,23,53,34616,38,28,26,41,34612,24,31,24,62,34600
93,45,22,56,34676,79,22,25,47,34650,24,31,24,62,34600
149,35,21,49,34727,126,40,24,51,34706,86,62,23,64,34677
198,28,20,46,34772,177,32,23,46,34753,150,40,22,49,34730
244,33,19,49,34821,223,35,22,47,34801,242,29,20,48,34817
293,25,18,43,34866,270,31,21,47,34846,242,29,20,48,34817
336,30,17,50,34911,317,35,20,44,34895,336,25,18,49,34909
386,38,16,48,34965,361,27,19,49,34935,336,25,18,49,34909
434,28,15,65,35008,410,45,18,51,34993,385,42,17,49,34966
499,67,14,101,35093,500,26,16,49,35073,513,34,14,116,35090
600,106,13,95,35213,600,31,14,64,35176,513,34,14,116,35090
695,55,12,72,35283,664,68,13,69,35258,629,173,13,122,35276
767,59,11,73,35357,779,27,11,44,35353,751,42,12,56,35332
840,57,10,58,35429,823,33,10,55,35400,807,43,11,48,35389
898,28,9,46,35472,878,49,9,59,35463,855,28,10,56,35429
944,37,8,54,35523,937,38,8,56,35516,911,61,9,62,35502
998,40,7,51,35578,937,38,8,56,35516,973,34,8,52,35550
1049,35,6,46,35627,1044,28,6,47,35618,1025,42,7,50,35606
1095,29,5,47,35670,1044,28,6,47,35618,1075,34,6,46,35652
1142,34,4,53,35719,1091,38,5,50,35670,1121,30,5,49,35696
1195,44,3,72,35777,1188,32,3,57,35764,1170,41,4,57,35751
1267,69,2,69,35862,1245,58,2,65,35834,1280,34,2,51,35857
1336,36,1,50,35914,1310,45,1,54,35893,1331,40,1,52,35911
1386,33,0,76,35963,1364,33,0,78,35941,1383,37,0,52,35962
22,87,25,80,36066,2,92,23,75,36048,1435,40,24,52,36015
102,42,24,54,36123,77,30,22,49,36092,95,34,22,50,36112
156,38,23,48,36175,126,38,21,76,36145,145,42,21,73,36166
204,29,22,44,36219,126,38,21,76,36145,145,42,21,73,36166
248,28,21,46,36262,202,84,20,75,36244,218,78,20,70,36257
294,37,20,55,36313,277,36,19,49,36295,288,39,19,56,36308
349,42,19,49,36370,326,33,18,58,36343,344,42,18,81,36365
398,25,18,69,36411,326,33,18,58,36343,344,42,18,81,36365
467,81,17,76,36508,454,56,16,63,36482,425,94,17,98,36472
543,40,16,52,36563,517,40,15,50,36537,523,77,16,73,36562
595,37,15,58,36614,567,31,14,54,36583,523,77,16,73,36562
653,46,14,54,36676,621,47,13,60,36645,651,39,14,51,36671
707,36,13,56,36725,681,41,12,53,36702,702,34,13,53,36719
763,48,12,73,36787,734,40,11,56,36754,755,42,12,64,36776
836,69,11,68,36871,847,28,9,49,36861,819,56,11,63,36847
904,38,10,42,36923,896,42,8,91,36917,882,41,10,50,36903
946,26,9,40,36959,896,42,8,91,36917,932,31,9,43,36948
986,24,8,47,36998,896,42,8,91,36917,975,26,8,39,36988
1033,40,7,57,37053,987,109,7,93,37042,1014,25,7,49,37027
1090,45,6,62,37113,1080,46,6,63,37103,1063,43,6,60,37085
1152,50,5,55,37177,1143,48,5,57,37167,1123,51,5,54,37149
1207,31,4,46,37223,1200,36,4,50,37218,1177,29,4,51,37192
1253,33,3,43,37270,1250,35,3,44,37268,1228,46,3,79,37251
1296,25,2,41,37309,1294,26,2,56,37307,1228,46,3,79,37251
1337,27,1,42,37351,1294,26,2,56,37307,1307,86,2,70,37350
1379,26,0,58,37392,1350,54,1,58,37377,1307,86,2,70,37350
1437,61,24,76,37468,13,26,24,52,37466,1425,36,0,56,37443
73,65,23,65,37546,65,45,23,57,37528,41,52,23,79,37507
138,34,22,54,37595,122,34,22,47,37579,41,52,23,79,37507
192,45,21,56,37655,169,28,21,52,37623,120,81,22,77,37601
248,36,20,48,37706,221,44,20,55,37683,243,29,20,48,37698
296,32,19,46,37752,276,32,19,46,37732,243,29,20,48,37698
342,32,18,46,37798,322,31,18,48,37778,291,42,19,51,37752
388,33,17,50,37845,370,35,17,48,37828,342,33,18,46,37799
438,36,16,56,37896,418,31,16,44,37874,433,30,16,54,37888
494,49,15,88,37959,462,27,15,56,37916,487,53,15,61,37954
582,101,14,87,38073,576,29,13,70,38031,596,31,13,51,38052
669,37,13,52,38128,646,77,12,88,38125,647,43,12,55,38109
721,34,12,47,38178,646,77,12,88,38125,702,39,11,74,38162
768,31,11,50,38224,734,71,11,73,38210,702,39,11,74,38162
818,38,10,75,38277,807,43,10,59,38269,776,79,10,69,38256
893,82,9,81,38374,866,45,9,72,38329,905,55,8,80,38373
974,53,8,55,38441,938,66,8,70,38411,905,55,8,80,38373
1029,27,7,46,38483,1008,45,7,57,38471,985,74,7,69,38462
1075,32,6,48,38531,1065,39,6,52,38525,1054,38,6,51,38513
1123,33,5,46,38580,1117,37,5,48,38576,1105,35,5,48,38563
1169,28,4,72,38623,1165,33,4,56,38622,1153,35,4,55,38611
1241,90,3,72,38726,1221,49,3,66,38686,1208,47,3,73,38672
1313,27,2,47,38767,1287,51,2,53,38753,1281,72,2,67,38757
1360,38,1,48,38819,1340,23,1,53,38792,1348,34,1,45,38805
1408,28,0,45,38862,1393,50,0,53,38858,1393,31,0,55,38849
13,35,26,45,38911,6,26,29,40,38899,1393,31,0,55,38849
58,25,25,57,38951,46,23,28,45,38938,8,50,26,82,38913
115,58,24,66,39024,91,36,27,45,38989,90,87,25,73,39014
181,45,23,50,39084,176,27,25,44,39070,163,31,24,49,39059
231,25,22,42,39124,220,30,24,49,39115,212,40,23,48,39112
273,30,21,47,39168,220,30,24,49,39115,260,28,22,44,39154
320,34,20,43,39217,320,31,22,41,39216,304,33,21,46,39201
363,25,19,60,39256,320,31,22,41,39216,350,32,20,44,39246
423,64,18,88,39335,410,34,20,50,39307,437,31,18,44,39333
511,82,17,67,39432,536,10,17,27,39421,481,29,17,85,39376
578,26,16,41,39471,563,28,16,67,39457,481,29,17,85,39376
619,28,15,47,39513,563,28,16,67,39457,566,117,16,97,39505
666,39,14,55,39566,630,77,15,72,39549,566,117,16,97,39505
721,36,13,53,39619,702,39,14,51,39602,717,37,14,52,39616
774,40,12,51,39674,753,34,13,50,39650,769,39,13,49,39669
825,32,11,47,39721,803,43,12,52,39705,818,38,12,51,39717
872,31,10,49,39768,855,35,11,47,39753,869,36,11,47,39767
921,37,9,48,39820,902,30,10,45,39797,916,32,10,48,39812
969,30,8,48,39864,947,32,9,50,39843,916,32,10,48,39812
1017,36,7,48,39915,997,36,8,48,39895,1014,34,8,48,39911
1065,29,6,48,39960,1045,31,7,47,39941,1062,34,7,45,39959
1113,38,5,46,40012,1092,30,6,47,39987,1107,31,6,48,40003
1159,27,4,61,40053,1139,37,5,49,40038,1107,31,6,48,40003
1220,64,3,66,40132,1188,35,4,63,40086,1215,54,4,64,40122
1286,40,2,49,40186,1251,65,3,65,40164,1279,49,3,55,40184
1335,29,1,49,40230,1316,33,2,51,40213,1279,49,3,55,40184
1384,39,0,54,40284,1367,35,1,48,40265,1381,38,1,50,40280
1438,33,25,44,40335,1415,27,0,48,40309,1431,38,0,72,40330
42,27,24,92,40376,23,34,26,49,40360,1431,38,0,72,40330
134,124,23,92,40516,165,24,23,44,40497,133,35,24,46,40471
226,33,22,44,40563,209,32,22,47,40545,225,31,22,57,40561
270,25,21,48,40603,256,29,21,49,40591,225,31,22,57,40561
318,40,20,52,40658,305,38,20,57,40644,282,58,21,68,40631
370,29,19,46,40705,362,44,19,56,40704,350,53,20,53,40697
416,32,18,63,40752,362,44,19,56,40704,403,27,19,43,40737
479,64,17,84,40831,476,50,17,62,40821,446,34,18,61,40783
563,80,16,79,40923,538,42,16,76,40879,571,40,16,49,40911
642,48,15,55,40986,614,78,15,72,40973,620,33,15,51,40957
697,36,14,49,41035,686,39,14,55,41026,671,44,14,53,41013
746,32,13,47,41082,741,37,13,49,41080,724,38,13,54,41063
793,35,12,50,41131,790,36,12,49,41128,778,41,12,48,41119
843,37,11,52,41182,839,34,11,50,41176,826,29,11,45,41161
895,41,10,57,41236,889,39,10,56,41229,871,34,10,54,41208
952,43,9,53,41294,945,45,9,57,41288,925,50,9,58,41270
1005,35,8,51,41343,1002,39,8,47,41342,983,42,8,61,41324
1056,39,7,50,41396,1049,26,7,43,41382,1044,57,7,62,41393
1106,35,6,50,41444,1092,30,6,47,41427,1044,57,7,62,41393
1156,34,5,47,41493,1139,32,5,44,41475,1152,29,5,39,41487
1203,33,4,53,41540,1183,29,4,47,41518,1191,25,4,55,41524
1256,41,3,55,41597,1230,36,3,57,41568,1246,58,3,61,41595
1311,35,2,63,41649,1287,51,2,63,41633,1307,36,2,64,41645
1374,57,1,66,41723,1350,49,1,63,41695,1307,36,2,64,41645
1440,40,0,48,41780,1413,48,0,58,41757,1438,38,0,61,41777
48,25,17,43,41821,31,38,23,55,41810,1438,38,0,61,41777
91,31,16,61,41867,31,38,23,55,41810,59,59,21,73,41849
152,59,15,68,41942,147,52,21,66,41933,132,61,20,59,41923
220,47,14,66,42004,213,53,20,59,42000,191,32,19,92,41967
286,53,13,67,42073,272,33,19,66,42049,191,32,19,92,41967
353,49,12,62,42138,338,66,18,75,42131,283,124,18,104,42105
415,42,11,48,42196,338,66,18,75,42131,387,56,17,59,42175
463,20,10,79,42233,413,53,17,55,42200,446,36,16,59,42224
542,113,9,431,42359,567,24,14,39,42339,559,25,14,57,42332
973,40,8,60,42753,948,53,7,63,42735,912,49,8,60,42697
1033,52,7,61,42819,1011,39,6,60,42791,972,41,7,62,42753
1094,42,6,54,42875,1071,52,5,54,42857,1094,40,5,47,42874
1148,38,5,49,42927,1125,28,4,51,42899,1141,29,4,46,42916
1197,33,4,48,42974,1176,41,3,56,42957,1187,31,3,76,42963
1245,38,3,65,43024,1232,38,2,50,43011,1187,31,3,76,42963
1310,66,2,62,43103,1327,28,0,220,43101,1263,94,2,82,43070
1372,28,1,41,43146,1327,28,0,220,43101,1345,44,1,52,43127
1413,26,0,43,43186,1327,28,0,220,43101,1397,33,0,43,43174
16,34,13,50,43233,1327,28,0,220,43101,0,26,27,44,43213
66,38,12,49,43285,1327,28,0,220,43101,44,34,26,47,43261
115,33,11,74,43332,1327,28,0,220,43101,91,34,25,61,43308
189,86,10,72,43432,195,29,25,49,43410,211,29,23,47,43426
261,30,9,54,43476,244,38,24,50,43463,211,29,23,47,43426
315,53,8,59,43542,294,37,23,57,43513,309,40,21,55,43529
374,33,7,52,43591,351,45,22,50,43574,364,45,20,53,43587
426,41,6,48,43647,401,30,21,50,43616,417,35,19,81,43635
474,27,5,72,43688,451,42,20,59,43672,417,35,19,81,43635
546,88,4,85,43790,559,28,18,45,43773,498,98,18,106,43747
631,44,3,60,43853,604,31,17,54,43820,604,84,17,78,43846
691,50,2,61,43916,658,49,16,62,43883,682,44,16,62,43904
752,42,1,681,43973,720,44,15,64,43942,744,50,15,60,43969
1433,34,0,53,44650,1410,42,0,45,44631,1380,26,0,49,44593
46,40,22,48,44706,15,19,23,50,44665,28,25,25,62,44681
94,25,21,69,44747,65,51,22,58,44731,28,25,25,62,44681
163,85,20,68,44846,172,30,20,68,44827,148,23,23,51,44800
231,24,19,53,44883,172,30,20,68,44827,199,51,22,69,44865
284,56,18,63,44952,240,79,19,73,44920,268,57,21,64,44937
347,44,17,57,45009,313,36,18,53,44971,332,40,20,52,44992
404,42,16,48,45065,366,40,17,52,45026,384,35,19,50,45042
452,24,15,84,45104,418,32,16,56,45074,434,36,18,56,45092
536,117,14,90,45235,529,28,14,114,45183,542,29,16,49,45197
626,35,13,81,45284,529,28,14,114,45183,591,40,15,56,45251
707,97,12,89,45396,643,175,13,117,45371,698,29,13,66,45353
796,50,11,64,45461,760,31,12,54,45416,764,77,12,72,45443
860,51,10,63,45526,814,50,11,64,45479,836,38,11,58,45495
923,47,9,56,45587,878,49,10,62,45543,894,51,10,63,45560
979,38,8,50,45638,940,46,9,56,45603,957,47,9,52,45621
1029,34,7,51,45686,996,34,8,51,45653,1009,30,8,51,45664
1080,43,6,52,45742,1047,40,7,51,45707,1060,42,7,54,45721
1132,32,5,40,45788,1098,34,6,47,45755,1114,37,6,46,45773
1172,25,4,56,45825,1145,33,5,54,45802,1160,24,5,54,45812
1228,62,3,63,45899,1199,44,4,55,45861,1214,56,4,62,45882
1291,35,2,51,45949,1254,35,3,54,45912,1276,41,3,52,45937
1342,37,1,55,46001,1308,42,2,51,45969,1328,36,2,55,45986
1397,44,0,80,46059,1359,31,1,53,46015,1383,47,1,53,46047
37,87,11,81,46161,28,32,15,54,46124,53,47,13,47,46157
118,44,10,56,46220,82,50,14,55,46187,100,35,12,51,46198
174,39,9,51,46274,137,28,13,50,46231,151,38,11,54,46250
225,33,8,48,46322,187,41,12,53,46288,205,43,10,55,46307
273,37,7,82,46372,240,34,11,48,46337,260,38,9,50,46359
355,97,6,82,46484,349,56,9,57,46457,365,50,7,55,46470
437,35,5,84,46535,406,33,8,45,46503,420,31,6,63,46516
521,101,4,90,46652,503,50,6,67,46608,546,25,4,55,46639
611,51,3,65,46717,570,59,5,69,46680,601,57,3,99,46710
676,49,2,72,46781,639,55,4,66,46747,601,57,3,99,46710
748,64,1,77,46860,705,50,3,65,46810,700,111,2,94,46836
825,58,0,139,46934,826,29,1,47,46921,794,44,1,57,46896
964,68,6,61,47078,949,67,7,61,47063,922,63,8,92,47034
1025,27,5,47,47119,1010,26,6,47,47103,922,63,8,92,47034
1072,38,4,57,47171,1057,43,5,61,47159,1014,92,7,75,47140
1129,50,3,91,47234,1118,47,4,51,47222,1089,28,6,54,47183
1220,104,2,100,47352,1220,52,2,63,47326,1210,52,4,59,47316
1320,65,1,78,47433,1283,48,1,69,47387,1319,33,2,52,47416
1398,62,0,77,47509,1352,78,0,105,47471,1371,40,1,48,47471
35,64,23,73,47587,1352,78,0,105,47471,1419,27,0,93,47513
108,49,22,54,47653,100,27,24,39,47634,72,34,14,575,47609
162,28,21,43,47696,139,24,23,40,47671,72,34,14,575,47609
205,28,20,46,47739,179,25,22,43,47712,72,34,14,575,47609
251,35,19,44,47789,222,32,21,48,47758,72,34,14,575,47609
295,23,18,39,47827,270,41,20,45,47811,72,34,14,575,47609
334,24,17,37,47866,315,24,19,35,47847,72,34,14,575,47609
371,27,16,41,47905,350,23,18,38,47882,72,34,14,575,47609
412,24,15,35,47944,388,25,17,44,47921,72,34,14,575,47609
447,23,14,50,47979,432,34,16,52,47969,72,34,14,575,47609
497,48,13,52,48041,484,46,15,51,48027,72,34,14,575,47609
549,32,12,51,48085,535,26,14,39,48068,72,34,14,575,47609
600,42,11,74,48141,574,25,13,44,48107,72,34,14,575,47609
674,79,10,82,48234,618,32,12,78,48154,647,48,13,59,48191
756,55,9,61,48304,696,97,11,86,48265,755,26,11,52,48288
817,36,8,48,48355,782,43,10,52,48324,807,46,10,71,48350
865,30,7,52,48400,834,32,9,79,48370,807,46,10,71,48350
917,40,6,58,48457,834,32,9,79,48370,878,85,9,80,48441
975,44,5,61,48517,913,96,8,81,48481,958,42,8,58,48499
1036,47,4,73,48580,994,39,7,64,48534,1016,52,7,65,48562
1109,69,3,72,48664,1116,26,5,45,48649,1081,49,6,62,48626
1181,42,2,56,48722,1161,35,4,63,48699,1143,46,5,64,48686
1237,55,1,67,48785,1224,60,3,59,48774,1207,55,4,59,48755
1304,53,0,167,48851,1283,26,2,61,48816,1266,33,3,54,48803
31,32,22,53,49007,23,44,27,49,49005,1426,45,0,62,48969
84,48,21,62,49068,72,32,26,45,49048,48,48,24,72,49032
146,50,20,62,49131,117,27,25,54,49091,120,70,23,71,49115
208,48,19,60,49192,171,50,24,60,49156,191,44,22,58,49173
268,43,18,54,49250,231,41,23,60,49212,249,42,21,59,49230
322,33,17,55,49299,291,48,22,58,49275,308,50,20,59,49293
377,47,16,60,49361,349,38,21,57,49328,367,41,19,55,49348
437,45,15,74,49420,406,45,20,58,49389,422,40,18,63,49402
511,72,14,68,49507,512,35,18,49,49490,485,54,17,60,49472
579,36,13,52,49557,561,35,17,44,49539,545,38,16,61,49524
631,40,12,58,49611,605,30,16,45,49580,606,56,15,59,49594
689,53,11,67,49676,650,33,15,56,49627,665,33,14,52,49642
756,54,10,80,49743,754,29,13,46,49729,717,43,13,61,49699
836,79,9,69,49836,845,27,11,61,49819,829,22,11,47,49800
905,29,8,47,49880,845,27,11,61,49819,876,44,10,57,49858
952,36,7,47,49930,906,68,10,66,49900,933,43,9,51,49915
999,32,6,45,49975,972,34,9,47,49949,984,31,8,47,49960
1044,33,5,48,50021,1019,27,8,42,49993,1031,33,7,45,50008
1092,35,4,46,50070,1061,28,7,45,50035,1076,29,6,46,50051
1138,29,3,51,50113,1106,35,6,52,50084,1122,33,5,45,50099
1189,44,2,100,50171,1158,38,5,62,50137,1167,29,4,62,50142
1289,125,1,94,50312,1320,30,2,47,50295,1297,43,2,53,50279
1383,32,0,49,50359,1367,34,1,49,50344,1350,37,1,76,50329
1432,34,21,50,50409,1416,31,0,50,50392,1350,37,1,76,50329
42,32,20,47,50458,26,38,26,48,50445,1426,86,0,94,50429
89,32,19,48,50505,74,28,25,47,50488,1426,86,0,94,50429
137,43,18,54,50559,121,38,24,52,50540,80,74,22,74,50517
191,34,17,50,50608,173,39,23,54,50593,154,49,21,56,50579
241,38,16,75,50660,227,41,22,50,50648,210,34,20,49,50627
316,81,15,80,50757,322,33,20,60,50739,307,30,18,47,50722
396,46,14,54,50819,382,56,19,46,50810,400,29,16,45,50815
450,29,13,73,50865,428,24,18,48,50840,445,30,15,49,50860
523,91,12,287,50969,528,36,16,48,50946,494,43,14,59,50916
810,45,11,65,51233,799,31,11,53,51215,765,48,9,67,51189
875,53,10,57,51302,852,44,10,53,51274,832,55,8,61,51260
932,29,9,50,51347,905,34,9,53,51322,893,34,7,80,51310
982,36,8,47,51400,958,43,8,54,51380,893,34,7,80,51310
1029,29,7,49,51444,1012,36,7,52,51430,973,97,6,69,51422
1078,36,6,49,51496,1064,38,6,47,51483,1042,33,5,53,51459
1127,31,5,54,51543,1111,30,5,44,51526,1095,40,4,47,51515
1181,46,4,60,51604,1155,30,4,58,51570,1142,41,3,60,51563
1241,47,3,57,51665,1213,56,3,66,51641,1202,55,2,59,51630
1298,38,2,47,51717,1279,48,2,49,51703,1261,34,1,102,51678
1345,28,1,47,51759,1328,23,1,47,51740,1261,34,1,102,51678
1392,40,0,56,51812,1375,43,0,83,51797,1261,34,1,102,51678
8,45,22,56,51871,1375,43,0,83,51797,1363,143,0,156,51835
64,40,21,48,51924,18,95,24,79,51906,1363,143,0,156,51835
112,40,20,48,51972,97,31,23,47,51953,79,28,23,46,51933
160,28,19,43,52014,144,32,22,47,52000,125,37,22,51,51984
203,32,18,60,52059,191,29,21,45,52046,176,36,21,47,52034
263,60,17,61,52133,236,31,20,53,52092,262,25,19,46,52115
324,36,16,50,52182,289,43,19,50,52151,308,40,18,48,52168
374,38,15,47,52233,339,29,18,47,52194,356,30,17,47,52211
421,30,14,50,52276,386,38,17,54,52245,403,38,16,47,52262
471,44,13,56,52333,440,44,16,55,52302,450,31,15,55,52306
527,40,12,52,52387,495,40,15,51,52355,505,53,14,81,52372
579,34,11,53,52436,546,35,14,49,52404,505,53,14,81,52372
632,47,10,61,52496,595,33,13,51,52452,586,86,13,76,52469
693,47,9,87,52557,646,41,12,71,52507,662,38,12,69,52521
780,98,8,86,52669,782,27,10,47,52636,798,33,10,51,52655
866,45,7,55,52729,829,37,9,57,52688,849,52,9,55,52715
921,39,6,51,52781,886,42,8,57,52747,904,31,8,52,52760
972,35,5,58,52830,943,40,7,55,52803,956,41,7,55,52817
1030,52,4,61,52896,998,38,6,59,52857,1011,36,6,57,52869
1091,42,3,62,52952,1057,49,5,53,52922,1068,47,5,57,52932
1153,54,2,90,53020,1158,41,3,65,53019,1125,37,4,62,52984
1243,98,1,95,53132,1223,58,2,74,53092,1245,35,2,68,53103
1338,61,0,197,53209,1297,64,1,72,53169,1313,72,1,77,53189
